B-V,AbsMag
0.482,1.8450165
0.999,5.972221
-0.019,-1.1464686
0.37,2.5065088
0.902,0.83940935
1.336,8.68079
0.74,5.8847685
1.102,2.617453
1.067,2.0007257
0.489,3.7490616
0.081,0.50228643
1.484,1.4726305
1.128,1.5141277
1.2,0.79210424
1.166,0.5458307
0.425,2.0943751
0.421,0.33137894
1.567,7.5275364
0.955,-0.395514
0.516,3.6690617
1.438,1.3820643
0.962,1.9415374
0.456,3.0035782
0.528,3.9905643
0.763,1.969934
0.535,3.9465775
0.671,4.2448854
0.468,2.5863953
1.041,1.4142246
0.142,1.1531963
1.453,-1.0459108
0.04,1.5468087
0.466,2.8566885
0.514,1.9507275
0.916,2.946231
1.15,1.676703
0.391,3.3043575
0.778,5.536531
0.475,2.6630116
0.026,1.3701305
0.387,2.224103
1.032,0.5926223
1.104,-0.17991543
1.035,-1.0522652
1.15,7.721394
1.164,-1.3424354
0.45,0.5369854
0.616,2.628148
